id,category,material,display_name,assembly_type,availability,list_price,is_test_item
03372a84-5e90-43a9-96a1-f7a52a6401b0,Nozzle,Steel,Steel Nozzle Entire Assembly,Entire Assembly,Available,48.78,
034f3435-2b51-4302-8c9c-5275aee8756f,Bracket,Composite,Composite Bracket Replacement Part,Replacement Part,Available,3.42,
03ac3bd6-4e7b-4969-a727-590b6d387406,Nozzle,Titanium,Titanium Nozzle Subassembly,Subassembly,Available,15.89,
03ae1a7d-7599-4a77-bb0c-fff4025d40fe,Nozzle,Composite,Composite Nozzle Entire Assembly,Entire Assembly,Available,23.93,
0570f454-b2fc-42ac-8d95-6d29d375efe8,Bracket,Composite,Composite Bracket Entire Assembly,Entire Assembly,Available,36.39,
05a0d78c-7dc6-4111-8974-f3e46ba6b84c,Switch,Steel,Steel Switch Maintenance Kit,Maintenance Kit,Available,21.39,
05a7f21b-dcfd-447d-af82-20cecd2052aa,Actuator,Steel,Steel Actuator,,Available,149.06,
0600ae9b-4ab6-4600-bd1b-8e1f74538213,Cog,Rubber,Rubber Cog Replacement Part,Replacement Part,Available,2.06,
06610db6-747e-42cc-ac4d-2f785ecbd993,Widget,Ceramic,Ceramic Widget Entire Assembly,Entire Assembly,Available,95.99,
069f27ec-51fe-4fee-a1c5-b9f591135325,Bearing,Rubber,Rubber Bearing Subassembly,Subassembly,Available,7.36,
06e9391d-8981-44f7-8775-7dcb2c894156,Cog,,Cog Maintenance Kit,Maintenance Kit,Available,16.14,
07d3ba42-e75d-4c22-9380-3c493f9baf95,Connector,Rubber,Rubber Connector Maintenance Kit,Maintenance Kit,Available,1.55,
07dbe579-ec96-4d76-a4eb-3dfa7d0ddb77,Connector,Ceramic,Ceramic Connector Replacement Part,Replacement Part,Available,10.3,
08ae2133-4969-4910-a817-27c9639c0d3d,Cog,Steel,Steel Cog,,Available,24.47,
08bf2e97-8158-42d2-9fb8-eb0da5602427,Gear,Polymer,Polymer Gear,,Available,39.9,
08ddabd1-4348-4b22-8b5c-694fcce215a3,End Cap,,End Cap Replacement Part,Replacement Part,Available,7.01,
092128ba-d078-479e-8698-c5f8436d2eef,Cog,Steel,Steel Cog Replacement Part,Replacement Part,Available,10.77,
0a628e08-aeb5-4c95-88e1-3eedb53bc880,Plate,Polymer,Polymer Plate Maintenance Kit,Maintenance Kit,Available,12.98,
0b085b07-f1cc-4108-b493-3bc70d3f02dd,Actuator,Steel,Steel Actuator,,Available,114.41,
0b58cc3a-bc7a-4c5e-96e5-8b872e3e8b29,Actuator,Rubber,Rubber Actuator Replacement Part,Replacement Part,Available,30.12,
0b776f0a-0907-41fe-9823-fe882d97481c,Actuator,,Actuator Entire Assembly,Entire Assembly,Available,141.71,
0b893917-911e-4f0e-ac18-81a25af94dba,Bearing,Ceramic,Ceramic Bearing Subassembly,Subassembly,Available,25.1,
0be7dd5b-6416-4bea-bd30-c703919d4942,Widget,Steel,Steel Widget Entire Assembly,Entire Assembly,Available,104.04,
0c0f07fb-3746-45d6-b7bb-c17bb8eeaa55,Switch,Steel,Steel Switch Replacement Part,Replacement Part,Available,13.8,
0c42f0da-a152-4b2b-bf5c-ab67eb185315,Widget,Composite,Composite Widget Replacement Part,Replacement Part,Available,34.14,
0c9f0609-63bd-4280-9880-5c8119492a08,Cog,Rubber,Rubber Cog,,Available,10.23,
0ca3cd54-a6a7-41f5-988f-f81dd5f062b9,Cog,,Cog Entire Assembly,Entire Assembly,Available,36.07,
0d17cece-876e-47a1-b417-976853937186,End Cap,Steel,Steel End Cap,,Available,29.8,
0da71e83-b4d0-45ef-83fa-745381ad78e3,Bearing,,Bearing Entire Assembly,Entire Assembly,Available,7.98,
0db1c01b-35c1-442c-a96f-f700396281e8,Switch,Carbon Fiber,Carbon Fiber Switch Replacement Part,Replacement Part,Available,11.03,
0dce04e8-b0e9-49fd-9aa7-8e39a76d80f7,Switch,Organic,Organic Switch Subassembly,Subassembly,Available,37.69,
0e07d6cf-3f81-4d83-b5d1-35df8c7fbb73,Widget,Rubber,Rubber Widget Maintenance Kit,Maintenance Kit,Available,32.38,0.0
0f849f30-2f49-4c5e-ae9f-f9ecad7d3036,Bearing,Carbon Fiber,Carbon Fiber Bearing,,Available,53.23,
0f8fbe04-4c58-4769-a95a-0757339bf69c,Actuator,,Actuator Maintenance Kit,Maintenance Kit,Not Available,52.69,
10bb44b2-67a7-4dc1-8c39-a70c67c25076,Nozzle,Composite,Composite Nozzle Entire Assembly,Entire Assembly,Available,41.71,
12327691-2ef6-4d44-9609-18eb17ab9b99,Gear,Carbon Fiber,Carbon Fiber Gear Replacement Part,Replacement Part,Available,9.55,
127c4aa6-6c1e-4c9b-9d62-18b3199f8981,Cog,,Cog Subassembly,Subassembly,Not Available,14.64,
1303609e-ce54-47cb-b47f-64605f83027a,Bearing,Ceramic,Ceramic Bearing Maintenance Kit,Maintenance Kit,Available,5.55,
142bb3f3-0858-4346-8d61-cfa4c698ee2e,Widget,Organic,Organic Widget Maintenance Kit,Maintenance Kit,TEST,65.05,1.0
1477ba37-f209-4ce0-8b92-569b72f7aa1e,Bracket,Steel,Steel Bracket Replacement Part,Replacement Part,Available,8.98,
147fdda9-22e1-49d8-aba8-33805abd4b01,Switch,Titanium,Titanium Switch Maintenance Kit,Maintenance Kit,Available,33.76,
156dc419-8063-48c3-b77e-8067538a9c36,Gear,Polymer,Polymer Gear Replacement Part,Replacement Part,Available,12.82,
162142b0-a9ab-42d0-b290-d0f8d304d861,Actuator,Rubber,Rubber Actuator Maintenance Kit,Maintenance Kit,Available,40.72,
1843bcc3-28e3-42bf-9b9e-f00bdc891646,Widget,,Widget Replacement Part,Replacement Part,Available,34.71,
18e5241e-65df-49ed-b773-dcce3ebe6f1a,Widget,Composite,Composite Widget,,Available,106.54,
1a680b94-907d-4eb3-bfa6-e6619fb5bbd2,Switch,Ceramic,Ceramic Switch,,Available,21.27,
1bcaab38-56c7-47c2-93d1-90f3f36d4389,Cog,Ceramic,Ceramic Cog Replacement Part,Replacement Part,test,4.84,1.0
1bfa937a-c499-4a13-88c8-99e4b9861969,Bolt,Carbon Fiber,Carbon Fiber Bolt,,Available,36.15,
1f1bcbd5-7b3a-48ce-ae96-e862c6584f7e,Valve,Carbon Fiber,Carbon Fiber Valve Maintenance Kit,Maintenance Kit,Available,6.75,
1f5e5528-a758-4315-b176-391f5dd4efb1,Cog,Ceramic,Ceramic Cog Subassembly,Subassembly,Available,15.32,
1fb7004f-44cb-4cb7-85a5-07aa53812e2a,Widget,Ceramic,Ceramic Widget Entire Assembly,Entire Assembly,Available,103.35,
20be878d-31a7-443d-a312-17f83d9270b9,Switch,Ceramic,Ceramic Switch Entire Assembly,Entire Assembly,Available,55.38,
20d75aa9-8e30-4d24-8bb2-817d61b87540,Valve,Ceramic,Ceramic Valve Subassembly,Subassembly,Not Available,10.22,
20e6b2c3-ecba-46e3-b76e-8d84458e79f8,Plate,Steel,Steel Plate,,Available,42.93,
21212fd4-6799-4e13-ac69-143507d6684e,Bolt,Ceramic,Ceramic Bolt Maintenance Kit,Maintenance Kit,Available,9.34,
219d5b7a-d685-40dd-acd2-4e995ceba2ae,Actuator,Composite,Composite Actuator Subassembly,Subassembly,Available,85.62,
21a91eda-3b91-42a7-8475-c67412f42905,Cog,Titanium,Titanium Cog Maintenance Kit,Maintenance Kit,Available,12.03,
21f30e2f-5344-4db4-a3c5-a4fbc4b34b64,Bearing,,Bearing Subassembly,Subassembly,Available,15.38,
224eeef1-250a-4098-bbbf-8c30b873fc7f,Bolt,Steel,Steel Bolt Replacement Part,Replacement Part,Available,8.84,
225e9183-61e4-453a-86aa-c701bd83040e,Cog,Titanium,Titanium Cog Subassembly,Subassembly,Available,14.93,
22a57dda-a4c1-41f6-a23c-abdf4fb0cd33,Gear,Composite,Composite Gear,,Available,11.81,
23386240-447b-4c27-98b3-4ed14274b39f,Widget,Titanium,Titanium Widget Entire Assembly,Entire Assembly,Available,162.37,
238dc8a8-8b8d-4b60-8f7e-7867b0e13aa8,Bearing,Ceramic,Ceramic Bearing Maintenance Kit,Maintenance Kit,Available,16.67,
23c23bd6-15b0-4088-9c53-b83da1229a98,Nozzle,Steel,Steel Nozzle Subassembly,Subassembly,Available,4.72,
242efa48-9094-4bf6-85e2-4d01710b0e80,End Cap,Carbon Fiber,Carbon Fiber End Cap Replacement Part,Replacement Part,Available,3.87,
254a26fe-d34e-489c-92e5-f3ff7886e646,Cog,Ceramic,Ceramic Cog Entire Assembly,Entire Assembly,Available,27.39,
25bc2804-6e02-40e8-9b1a-10e9c2e523b6,Plate,Titanium,Titanium Plate Entire Assembly,Entire Assembly,Available,98.88,0.0
26a34b53-d4f5-495b-8b90-5fbf0ef2776b,Gear,Polymer,Polymer Gear Entire Assembly,Entire Assembly,Available,32.11,
26c78840-d04f-45b2-a56f-c3c72bfe911c,Valve,Steel,Steel Valve Subassembly,Subassembly,Available,28.75,
282e79f4-032d-4b37-a7ea-7376cf9af7fa,End Cap,Organic,Organic End Cap,,Available,56.26,
28326cd4-b230-4a86-93e2-a1655f12db38,Actuator,Carbon Fiber,Carbon Fiber Actuator Entire Assembly,Entire Assembly,Available,183.07,
295e84fe-3be0-4aed-9ac1-1f17c2a357c3,End Cap,,End Cap Subassembly,Subassembly,Available,19.2,
2980395f-6150-4949-9e52-298131d4ea1f,Widget,Organic,Organic Widget Maintenance Kit,Maintenance Kit,TEST,68.64,1.0
29819ad2-5518-4cdb-83ab-e510faafc078,Sensor,Rubber,Rubber Sensor Entire Assembly,Entire Assembly,Available,35.03,
2b79d518-f4cb-4ca9-838b-051f51cdba71,Cog,Steel,Steel Cog Maintenance Kit,Maintenance Kit,Available,2.96,
2c7808ff-f0c6-4483-b84e-0329a76006ab,Gear,Steel,Steel Gear Entire Assembly,Entire Assembly,Available,32.12,
2cf4a339-74fb-4f6d-9fee-13b8df57635d,Bearing,,Bearing Entire Assembly,Entire Assembly,Available,41.07,
2eb0d593-4758-43cd-adb0-60a290948b77,Valve,Ceramic,Ceramic Valve Subassembly,Subassembly,Available,9.46,
2f2f2135-ce19-401e-8872-85b957caabc0,Valve,Rubber,Rubber Valve Maintenance Kit,Maintenance Kit,Available,10.97,
2f57d3e8-ccd2-412d-9ef8-14eb1e0eddf2,Bearing,Rubber,Rubber Bearing Entire Assembly,Entire Assembly,TEST,18.0,1.0
2f808819-17d7-4c6d-bf9a-847ca982bdd6,Switch,Titanium,Titanium Switch Entire Assembly,Entire Assembly,Available,96.88,
30118cc1-e435-472b-9522-84ee50badd22,End Cap,Organic,Organic End Cap Maintenance Kit,Maintenance Kit,Available,0.82,
30142572-ce6d-428d-9737-f436ff83748c,Connector,Carbon Fiber,Carbon Fiber Connector Entire Assembly,Entire Assembly,Available,14.34,
30b033f9-8f94-43f2-9675-cf9373ecbcc8,Connector,Steel,Steel Connector Replacement Part,Replacement Part,Available,12.34,
30e495c3-9578-4d65-bbc6-59904f3ce993,Widget,Carbon Fiber,Carbon Fiber Widget Subassembly,Subassembly,TEST,89.26,1.0
315a704b-0a1c-436a-a5d7-d6f6ef599506,Gear,Ceramic,Ceramic Gear,,Available,14.36,
31ea871f-f97d-45da-b319-76ec53416bbf,Switch,Composite,Composite Switch Maintenance Kit,Maintenance Kit,Available,19.29,
32685930-2bff-4467-b850-0e599d7c2a7d,Connector,Composite,Composite Connector,,Available,11.2,
326b3c91-1789-4fbe-9878-07de29498cf9,End Cap,Polymer,Polymer End Cap Entire Assembly,Entire Assembly,Available,4.53,
3527ca47-de86-4a49-b9bc-6055b39702e1,Sensor,Carbon Fiber,Carbon Fiber Sensor Maintenance Kit,Maintenance Kit,Available,23.62,
353a61e6-fd38-4563-bc96-7f3496bce89b,Gear,,Gear Subassembly,Subassembly,Available,15.8,
354edddf-5d13-4fbd-b0ea-01dcaca6ecdb,Gear,Steel,Steel Gear,,Available,39.01,
359ff05c-4304-4ba1-a4e4-c2e6c46cac9e,Actuator,Composite,Composite Actuator Maintenance Kit,Maintenance Kit,Available,48.05,
37ee9550-b4c6-4c3e-af27-2ddba5e55517,Widget,Polymer,Polymer Widget Entire Assembly,Entire Assembly,Not Available,117.34,
3849bfa5-ffea-463b-9605-f4fcbe7a6c8a,Actuator,,Actuator,,Available,99.79,
387aff17-bb4f-4a7b-b847-c4e0d6c1094f,Switch,,Switch Subassembly,Subassembly,Not Available,12.6,
3953f769-f4fe-4156-942f-6ecc224b8ba2,Sensor,Carbon Fiber,Carbon Fiber Sensor Subassembly,Subassembly,Available,23.58,
395fb3a6-3443-4451-bc02-7bb2c2ccd63a,Bearing,Composite,Composite Bearing Maintenance Kit,Maintenance Kit,Available,9.79,
3a1e0ed6-5d18-423c-9d29-87ac5ff35958,End Cap,Steel,Steel End Cap Entire Assembly,Entire Assembly,Available,48.53,
3a3704f7-06c3-482f-b764-247ec8613025,Valve,Organic,Organic Valve Subassembly,Subassembly,Available,25.85,
3ac9e83d-f178-40d1-b3b7-75b0da034002,Connector,,Connector,,Available,19.09,
3aec27f9-810b-4b04-9bbe-7c84606d673f,Bracket,Polymer,Polymer Bracket Subassembly,Subassembly,Available,6.72,
3b2d844c-ef3f-434b-be7d-86f0dc83935e,Cog,Composite,Composite Cog Entire Assembly,Entire Assembly,Available,22.68,
3b66af18-0153-4628-808d-44ef11591edf,Bolt,,Bolt Entire Assembly,Entire Assembly,Available,38.15,
3c522813-9542-4d55-909f-6c6f1b29e786,Widget,Steel,Steel Widget Subassembly,Subassembly,TEST,65.8,1.0
3d280996-b05c-4f9e-9804-55cce604158b,Bracket,Titanium,Titanium Bracket Entire Assembly,Entire Assembly,Available,49.83,
3d8f3a34-8bcb-43ec-aa8d-3c51f5085092,Switch,Polymer,Polymer Switch Subassembly,Subassembly,Available,11.09,
3e070c40-f31b-4db4-9d22-a98366a9c9ac,End Cap,Titanium,Titanium End Cap Subassembly,Subassembly,Available,22.77,
3fbbe4df-5797-4fe3-ae1e-30c020370d21,Sensor,Composite,Composite Sensor Maintenance Kit,Maintenance Kit,Available,23.47,
41645aa8-0f88-4477-bad9-77fabbd1893e,Switch,Ceramic,Ceramic Switch Maintenance Kit,Maintenance Kit,Available,14.3,
417253c9-3899-45b1-b800-7ba93bc65506,Connector,Rubber,Rubber Connector Maintenance Kit,Maintenance Kit,TEST,6.75,1.0
4276a3df-7958-4cc7-be49-d53c9ba2afc4,End Cap,Steel,Steel End Cap Maintenance Kit,Maintenance Kit,Available,18.22,
42964a6a-f9de-46ee-ba6c-99f7cb634ff1,Bolt,Rubber,Rubber Bolt Subassembly,Subassembly,Available,8.15,
430465c2-ddf8-4e4f-b889-a4f5ff1f574c,Bearing,Carbon Fiber,Carbon Fiber Bearing Maintenance Kit,Maintenance Kit,Available,23.05,
4337b119-c5e6-498d-a052-8ccaf1876319,Connector,,Connector Entire Assembly,Entire Assembly,Available,21.84,0.0
4340a1b6-5a34-4e70-aa09-125ed19f3046,Bolt,Carbon Fiber,Carbon Fiber Bolt Subassembly,Subassembly,Available,21.31,
4417fbc2-db98-4f67-aa92-330150670630,Valve,Carbon Fiber,Carbon Fiber Valve Subassembly,Subassembly,Available,20.46,
448d57ec-e7a6-48b7-b115-7b1fda2517b7,Sensor,Carbon Fiber,Carbon Fiber Sensor Entire Assembly,Entire Assembly,Available,73.86,
44a8f4fb-4996-4742-9b85-3398f60b792b,Cog,Ceramic,Ceramic Cog Entire Assembly,Entire Assembly,Available,34.27,
45145f42-bae5-4151-bc91-2b3ef671e36c,Plate,Polymer,Polymer Plate,,Available,22.74,
45db5987-1caa-433f-87c8-557bfe112d21,Bearing,,Bearing Subassembly,Subassembly,Available,14.94,
4617651a-dacc-4c8a-9d7e-fda13ce9d34f,End Cap,Carbon Fiber,Carbon Fiber End Cap Replacement Part,Replacement Part,Available,6.78,
462a4e50-a18f-47d6-aaa0-11813f0a14e4,Bearing,Organic,Organic Bearing Replacement Part,Replacement Part,Available,16.35,
468df6da-ba02-4a51-be2e-152c193c74bd,End Cap,,End Cap Subassembly,Subassembly,Available,6.42,
46a31f3a-542d-4b6a-bc65-412a753927a2,Cog,Ceramic,Ceramic Cog Replacement Part,Replacement Part,Available,8.64,
471e9a9f-701d-48ee-bfa0-68c97de19803,Valve,Ceramic,Ceramic Valve Maintenance Kit,Maintenance Kit,Available,18.45,
4755939b-6683-453f-9e5b-b882c36fb3d8,Nozzle,Carbon Fiber,Carbon Fiber Nozzle Entire Assembly,Entire Assembly,Available,42.97,
47f340c1-f916-471d-9694-b2e52ce15d98,Nozzle,Steel,Steel Nozzle Entire Assembly,Entire Assembly,Available,40.17,
4821dff2-38cf-4d80-85c2-aa51f822c29e,Nozzle,Rubber,Rubber Nozzle,,Available,14.95,
4859bb04-f2aa-4976-af38-35dde1699cb3,Switch,Steel,Steel Switch,,Available,32.92,
48a6b414-20f3-4939-aca7-ea601133f817,Bolt,Titanium,Titanium Bolt Subassembly,Subassembly,Available,43.09,
498c5c9d-09fd-46ee-8cc4-27e57e9f19ac,Bearing,Ceramic,Ceramic Bearing Entire Assembly,Entire Assembly,Available,9.5,
4998f568-0e4e-4a4f-8a2c-c735b5cd26c9,Cog,Titanium,Titanium Cog Maintenance Kit,Maintenance Kit,Available,11.54,
49cd649a-10f9-445b-918b-e423fc3d8565,Actuator,Organic,Organic Actuator Maintenance Kit,Maintenance Kit,Available,81.29,
4b4069df-63b5-4a7e-808b-d0e3400e2ac1,Plate,Ceramic,Ceramic Plate Entire Assembly,Entire Assembly,Available,51.4,
4b628f54-2778-4868-9974-efbdcacd8a82,Sensor,Composite,Composite Sensor Subassembly,Subassembly,Available,35.05,
4bc27e16-0034-4a97-9181-1defd9cf1f6c,Gear,Steel,Steel Gear Replacement Part,Replacement Part,Available,11.21,
4c87f9c9-58e7-4950-aac3-b0402cf70ae7,Actuator,Steel,Steel Actuator Maintenance Kit,Maintenance Kit,Available,59.92,
4cec979e-61d5-4813-bc44-3845b68289f4,Actuator,Rubber,Rubber Actuator Replacement Part,Replacement Part,Available,26.51,
4cf1b820-7fc1-45f6-8ce4-88cb27dddb58,Sensor,Ceramic,Ceramic Sensor Subassembly,Subassembly,Available,40.21,
4d192c1e-71c0-48c9-8255-8ffef0302212,Gear,Titanium,Titanium Gear Entire Assembly,Entire Assembly,Available,75.27,
4d44a752-3c2b-4991-9a4d-1a41f2320319,Switch,Titanium,Titanium Switch,,Available,29.09,
4d4fcd84-3fb7-44d6-b9e5-ad800f5e9871,Cog,Rubber,Rubber Cog Maintenance Kit,Maintenance Kit,Available,7.33,
4e117123-1a52-4ab3-9ec7-55b2c37d5b2f,Actuator,Titanium,Titanium Actuator Replacement Part,Replacement Part,Available,73.44,
4f830ee5-e03a-4f83-ad0a-94f6fff5abc8,Nozzle,Steel,Steel Nozzle Entire Assembly,Entire Assembly,Available,36.23,
4fe67602-5fce-48fd-80a7-2f92260ceb84,Cog,Organic,Organic Cog Subassembly,Subassembly,Available,27.01,
5002e9a0-131a-4659-9eb3-d048a85ab0db,Switch,Titanium,Titanium Switch Replacement Part,Replacement Part,Available,13.88,
50debf4a-a3ed-4c81-aa5a-39afc5a009ba,Sensor,Titanium,Titanium Sensor Maintenance Kit,Maintenance Kit,Available,38.45,
511847e5-fa8e-48ba-bda1-e5a816e6c453,Sensor,Titanium,Titanium Sensor Replacement Part,Replacement Part,Available,24.05,
517748af-1909-403f-9236-4e7bd6f4befc,Sensor,Composite,Composite Sensor Replacement Part,Replacement Part,Available,13.8,
52207787-4b5d-48e7-adbd-a8d4a3ff22a1,Switch,Titanium,Titanium Switch,,Available,52.16,
528a137b-e7fd-4a6c-9d70-46a5d827315f,Cog,Titanium,Titanium Cog Subassembly,Subassembly,Available,38.07,
52e770dd-7517-41a1-938f-1f4218557df3,Sensor,,Sensor Subassembly,Subassembly,Available,29.42,
53790476-ba16-4904-8df3-c8ee223095cc,Nozzle,Organic,Organic Nozzle Replacement Part,Replacement Part,Available,11.06,
53a6168c-2529-4a36-8f05-09bcad67f81d,Actuator,Ceramic,Ceramic Actuator Entire Assembly,Entire Assembly,Not Available,109.31,
5479cb78-f820-45ab-8613-85fbfaebcf33,Bearing,Composite,Composite Bearing Entire Assembly,Entire Assembly,Available,16.78,
555c5e3c-8b16-42ae-a88d-9a87dc9b6728,Widget,Composite,Composite Widget Entire Assembly,Entire Assembly,Available,115.91,
56d648e4-4e38-43df-b610-28964639070f,Switch,Rubber,Rubber Switch Entire Assembly,Entire Assembly,Available,12.6,
56f4819c-4d88-4b32-a46c-19691a4b2be6,Gear,Ceramic,Ceramic Gear Entire Assembly,Entire Assembly,Available,44.0,
573da83e-3d9a-4683-9f82-4bdc2a46cad3,Actuator,Rubber,Rubber Actuator,,Available,69.18,
573f7b24-60cc-4c9e-ba9b-1ce584d833ed,Valve,Ceramic,Ceramic Valve Maintenance Kit,Maintenance Kit,Available,16.49,
577eb7aa-0ed1-48c6-81d9-14462a8134ca,Plate,Steel,Steel Plate Maintenance Kit,Maintenance Kit,Available,20.45,
59ca77fa-1fe2-40c0-aa62-dac271ca49c9,Connector,Organic,Organic Connector Replacement Part,Replacement Part,Available,14.39,
5a07022a-04bd-42b1-9990-0f3a5987664a,Cog,Composite,Composite Cog Replacement Part,Replacement Part,Available,15.16,
5aab942e-2f81-496b-8499-b0b833687231,Bracket,Steel,Steel Bracket,,Available,33.67,
5b48ea30-0666-4d15-8543-92490e2c5a90,Actuator,Carbon Fiber,Carbon Fiber Actuator Subassembly,Subassembly,Available,113.08,
5bc08d44-9ce7-4e29-b80f-13dfcee246cc,Nozzle,Composite,Composite Nozzle Replacement Part,Replacement Part,Available,2.32,
5c51025e-3f05-4b5d-8aa0-d3edbb518b80,Bracket,,Bracket Entire Assembly,Entire Assembly,Available,24.4,
5c60893c-bdaa-4c55-8414-82ca1c3b5cfa,Switch,Composite,Composite Switch,,Available,37.62,
5c8ded26-e5d1-400b-9691-2a1f330b76dd,End Cap,Steel,Steel End Cap Entire Assembly,Entire Assembly,Available,10.64,
5d78ceb5-9913-40ae-ac67-06a8ae07c167,Switch,Titanium,Titanium Switch Maintenance Kit,Maintenance Kit,test,21.19,1.0
607cfddd-f1d4-4a52-a4fd-8b65f422c83a,Switch,Titanium,Titanium Switch Replacement Part,Replacement Part,Not Available,13.68,
615e59f6-edda-4f32-9f4c-f226154b6957,Plate,,Plate Replacement Part,Replacement Part,Not Available,15.51,
61b0919b-deb9-4ad9-94e5-7cd5eca8c912,End Cap,Titanium,Titanium End Cap Replacement Part,Replacement Part,Available,16.59,
61dcfd20-d6ff-4205-bc6a-a6eeb87a6ce0,Sensor,Steel,Steel Sensor,,Available,59.92,
62398ddf-5d37-453c-adc2-d74c95e4a3d4,Switch,Organic,Organic Switch Maintenance Kit,Maintenance Kit,Available,18.37,
62a6ac0b-c6e5-4c42-a3ff-f86d1740580a,Sensor,Titanium,Titanium Sensor,,Available,66.52,
62a753ac-61c2-465a-9fd8-292af38a1096,Bearing,Ceramic,Ceramic Bearing Replacement Part,Replacement Part,Available,5.52,
637cc8dd-1162-42ec-b42b-3fa4a0d5ee97,Bracket,Rubber,Rubber Bracket Maintenance Kit,Maintenance Kit,Available,5.49,
64100166-6bba-448d-8add-37494f166234,Plate,Polymer,Polymer Plate Entire Assembly,Entire Assembly,TEST,46.43,1.0
649eba5a-6f97-4c44-80a2-16777769e5b6,Bracket,Ceramic,Ceramic Bracket,,Available,2.53,
65182438-77e1-4f2d-be43-5b5c4954a26b,Bolt,Titanium,Titanium Bolt Subassembly,Subassembly,Available,38.13,
65246471-462e-4a5b-aa59-1bff39eae4c0,Widget,Ceramic,Ceramic Widget Subassembly,Subassembly,Available,72.18,
655a5fcc-cebf-4fed-9bab-779d5b396383,Sensor,Steel,Steel Sensor Maintenance Kit,Maintenance Kit,Available,23.98,
65afce15-efc7-4178-930a-f5b54f156d85,Bolt,Polymer,Polymer Bolt Maintenance Kit,Maintenance Kit,Available,16.16,
66206726-9d58-4b9d-838f-0bf0a557ae54,Valve,Titanium,Titanium Valve,,Available,67.85,
673c8b44-b177-4b8d-ad3d-878befc86480,Sensor,Rubber,Rubber Sensor Entire Assembly,Entire Assembly,Not Available,26.95,
676bf0f0-24bb-4bce-adc7-842608dbf69b,Cog,Rubber,Rubber Cog,,Available,26.42,
679c7d92-fea5-4556-8f78-6dacde3035bb,Nozzle,Organic,Organic Nozzle Replacement Part,Replacement Part,Available,13.53,
67f4c9cb-e506-42b7-872c-eb007174f611,Valve,,Valve Entire Assembly,Entire Assembly,Available,51.12,
6aea67c9-8086-4b0a-9114-feedf3bf1434,Sensor,Ceramic,Ceramic Sensor Entire Assembly,Entire Assembly,Available,54.95,
6af19053-2b33-4c66-a26a-d735a5e95cdf,End Cap,Steel,Steel End Cap Replacement Part,Replacement Part,Available,7.28,
6b47c0a3-5fb2-4a98-8d64-0cd2ad2b1f52,Plate,Rubber,Rubber Plate Maintenance Kit,Maintenance Kit,Available,12.42,
6c83c637-bed9-4d88-9fc6-9330cec4c865,Plate,Organic,Organic Plate Maintenance Kit,Maintenance Kit,test,22.51,1.0
6c8d309c-bef9-4c9f-a9a5-56d6c9a69858,Bearing,Polymer,Polymer Bearing Maintenance Kit,Maintenance Kit,Available,0.78,
6cd515b0-6daf-4ca3-8347-7c23f17deca4,Widget,Ceramic,Ceramic Widget Entire Assembly,Entire Assembly,Available,127.24,
6ce8059d-2c20-48ae-b5d5-1db96dd399a2,Actuator,Organic,Organic Actuator Maintenance Kit,Maintenance Kit,Available,85.3,
6cf88a99-ee18-4301-96e6-eaff1dc51600,Bearing,Polymer,Polymer Bearing Replacement Part,Replacement Part,Available,9.0,
6d261f1a-e20e-4730-a0d8-a337efaded4e,Sensor,Rubber,Rubber Sensor Replacement Part,Replacement Part,Available,5.98,
6e704127-6dad-43d7-947c-363916a36a41,Switch,Steel,Steel Switch Entire Assembly,Entire Assembly,Available,55.27,
6ea0ca94-81d1-497f-8108-d469f516aee3,Nozzle,Ceramic,Ceramic Nozzle Maintenance Kit,Maintenance Kit,Not Available,1.25,
6edfcd99-eca4-4233-bf5b-c9012620a269,Gear,Carbon Fiber,Carbon Fiber Gear Entire Assembly,Entire Assembly,Available,17.85,
6f23e97d-9e0b-4178-bcd4-f739b4f44489,Plate,Polymer,Polymer Plate Entire Assembly,Entire Assembly,Available,24.29,
6f30bf36-9cc2-4254-bbb4-fdcf60eb407c,Sensor,Rubber,Rubber Sensor Subassembly,Subassembly,Available,23.58,
700fd59c-1798-41bc-9374-6af939a64dcf,Gear,Titanium,Titanium Gear Replacement Part,Replacement Part,Available,19.17,
711faba7-52da-41a5-b773-56efb977f1da,Bracket,Carbon Fiber,Carbon Fiber Bracket Replacement Part,Replacement Part,Available,16.22,
7145f334-6dff-4c6d-9e4d-abc25718d2a9,Switch,Titanium,Titanium Switch,,Available,89.73,
7196c0d4-9826-4598-83a9-6931d2f1d4e6,Bolt,Polymer,Polymer Bolt Entire Assembly,Entire Assembly,Available,14.15,
720191de-c5bb-441e-9975-a3117159be49,Bracket,Steel,Steel Bracket Maintenance Kit,Maintenance Kit,Available,13.4,
72b6fdfd-9c02-4e9b-9f04-2339af2378c0,Bracket,Carbon Fiber,Carbon Fiber Bracket Maintenance Kit,Maintenance Kit,Available,4.15,
7360144a-7080-41eb-acf2-6b5242275e9d,Widget,Polymer,Polymer Widget Replacement Part,Replacement Part,Available,27.47,0.0
736d01a3-6290-4ca3-bfe5-fe03a2a13306,Cog,Organic,Organic Cog,,Available,32.42,
736d030e-a60a-4c59-874e-f84d7f6c7234,Valve,Polymer,Polymer Valve Entire Assembly,Entire Assembly,Available,44.89,
747019e7-5205-4d20-90e2-0d37ba6f5167,Bearing,Composite,Composite Bearing Replacement Part,Replacement Part,Available,14.14,
74a8ad0c-1366-4637-9cb7-8ffc5799b94c,Gear,Composite,Composite Gear,,Available,22.74,
75084ba9-ae06-4eb5-a5e0-ca7e136ff0fe,Sensor,Titanium,Titanium Sensor Subassembly,Subassembly,Available,29.99,
7526574e-ac58-4b4e-a3fc-f626647b7c92,Cog,,Cog Replacement Part,Replacement Part,Available,13.36,
753081b0-8130-477e-ac37-a680d7f900e4,Bearing,,Bearing,,Available,27.03,
75c29457-d20c-4982-b865-4ac280492905,Sensor,Composite,Composite Sensor Entire Assembly,Entire Assembly,Available,31.07,
75e4bc7f-df7a-46d3-86a0-d3194f0df4b1,Sensor,,Sensor Maintenance Kit,Maintenance Kit,Available,14.17,
76ae8fbe-2896-4d5b-9379-f953b7713387,Bracket,Ceramic,Ceramic Bracket Replacement Part,Replacement Part,Available,4.54,
77aeb3f5-57a7-47a3-b4fe-d62a9b0f79ee,Widget,Carbon Fiber,Carbon Fiber Widget Entire Assembly,Entire Assembly,Available,155.5,
7914ff1b-044b-49bb-9cb5-09851d969011,Bracket,Steel,Steel Bracket Maintenance Kit,Maintenance Kit,Available,13.31,
7931da8c-77a0-4405-9407-cc0aabaf4481,Bracket,Ceramic,Ceramic Bracket Replacement Part,Replacement Part,Available,5.38,
798518f7-071d-4608-8192-ef66afff7c4d,Switch,Polymer,Polymer Switch,,Available,37.23,
7a4c1d96-ffd4-4815-bcfd-6deec4dbaa7c,Actuator,Organic,Organic Actuator Maintenance Kit,Maintenance Kit,Available,71.16,
7a58918c-cedc-4e86-829e-e7d58f73ff9f,Plate,Composite,Composite Plate Maintenance Kit,Maintenance Kit,Available,13.39,
7a860c77-011f-401f-8e70-5511f007f7f3,Bolt,Ceramic,Ceramic Bolt,,Available,19.09,
7bf25c1e-83d0-4d4b-a710-e9bb48e5e2d9,Valve,,Valve Entire Assembly,Entire Assembly,Available,38.2,
7bf834ae-d77d-4b8a-82b1-7b8dcfc03600,Nozzle,Titanium,Titanium Nozzle Subassembly,Subassembly,Available,42.71,
7ce5b3b5-a2d0-45d8-b1be-026dd18728f9,Actuator,Titanium,Titanium Actuator,,Available,187.79,
7d674fae-17f2-4da4-aa34-cc3f03246782,Actuator,Steel,Steel Actuator Replacement Part,Replacement Part,TEST,48.45,1.0
7da9dad6-e5e5-440a-88c3-ed2355f6cb17,Plate,,Plate,,Available,51.12,
7eb64ee8-df69-4dbc-88b7-c3a3f5151f1e,Nozzle,Polymer,Polymer Nozzle Subassembly,Subassembly,Available,21.54,
7f48262e-bc41-4fc5-956e-b898f1c4877c,Gear,Steel,Steel Gear,,Available,23.54,
7fd315b6-e1ea-4af9-bc91-01ea2dfe183d,Valve,Carbon Fiber,Carbon Fiber Valve Replacement Part,Replacement Part,Available,15.13,
7fde8095-206e-4146-a184-38de51e42e23,Valve,Titanium,Titanium Valve Entire Assembly,Entire Assembly,test,31.56,1.0
8036dcc0-e15d-4c9f-8ea2-1c6aafcde35c,Cog,,Cog,,Available,28.29,
809470e1-9c2f-42b9-9c5e-224777713daf,Cog,Steel,Steel Cog Entire Assembly,Entire Assembly,Available,7.47,0.0
80b52e1b-0cac-43ac-adb3-1fa96934f635,Widget,Carbon Fiber,Carbon Fiber Widget Entire Assembly,Entire Assembly,Available,162.96,
81fd71a9-b63c-4ea0-bcf1-82c9e5d290d8,Cog,Titanium,Titanium Cog Subassembly,Subassembly,Available,25.24,
8320e840-ea33-40dc-8dc5-2e1f072902f5,End Cap,Carbon Fiber,Carbon Fiber End Cap,,Available,42.53,
8392ba4a-f35f-431c-a144-cad8b36ada08,Sensor,Rubber,Rubber Sensor Maintenance Kit,Maintenance Kit,Available,16.95,
83a08425-5f0a-47b1-8205-e3877f4c1211,Bearing,Carbon Fiber,Carbon Fiber Bearing Entire Assembly,Entire Assembly,Available,31.65,
83dcd3cb-f90a-41ae-8192-4ebcfe8fb345,Connector,Polymer,Polymer Connector Subassembly,Subassembly,Available,14.57,
84cfb397-4270-4b73-bb36-286c0978d579,Bolt,Carbon Fiber,Carbon Fiber Bolt Entire Assembly,Entire Assembly,Available,57.72,
8569e733-24ca-45b3-8002-4dea09983b12,Actuator,Polymer,Polymer Actuator,,Available,119.13,
85d137ac-be47-461b-bc5a-bad1dd460522,Connector,Polymer,Polymer Connector Subassembly,Subassembly,Available,23.09,
85fce251-3c8c-4beb-9e39-5938e37811bf,Gear,Composite,Composite Gear Entire Assembly,Entire Assembly,Available,11.41,
86e67245-b957-4baf-b722-db845b7eb6b3,End Cap,,End Cap Subassembly,Subassembly,Available,25.21,
875ef0fa-d90e-452d-ac9d-265d64ab970b,Actuator,Polymer,Polymer Actuator Entire Assembly,Entire Assembly,Available,106.22,
8846e17c-c336-4b7b-ba05-c4cc7dbbcad2,End Cap,Steel,Steel End Cap Maintenance Kit,Maintenance Kit,Available,9.15,
88b1b1db-dc10-4b8c-9638-a4798db3045f,Widget,Polymer,Polymer Widget Replacement Part,Replacement Part,Available,26.54,
89865283-9c4b-4e11-b9d5-ac5cb995c36e,Gear,,Gear Subassembly,Subassembly,Available,22.5,
89a18cf0-60b4-4c8e-adeb-b453b29c152c,Nozzle,Rubber,Rubber Nozzle,,Not Available,11.03,
89b95875-531d-4b7e-a039-ac0b7ed1a4c7,Switch,Ceramic,Ceramic Switch Maintenance Kit,Maintenance Kit,Available,18.65,
8a33be86-66ba-42c2-934a-47247d425fdb,Valve,Composite,Composite Valve Replacement Part,Replacement Part,Available,9.73,
8a774afd-de2d-4e2d-a9e8-2baafce4e76d,Bearing,,Bearing Entire Assembly,Entire Assembly,Available,8.93,
8a8148cf-b423-4ab9-834f-897474c35f8e,Plate,Organic,Organic Plate,,Available,76.43,
8a973bf0-ca33-46c2-bd05-c9b8a62ae798,Valve,Carbon Fiber,Carbon Fiber Valve Replacement Part,Replacement Part,Available,6.59,
8aafa05f-46ee-4306-9257-bcf56d534ebb,Actuator,Ceramic,Ceramic Actuator Entire Assembly,Entire Assembly,Available,148.02,
8b769635-8f6d-49d0-b900-b1979f561d57,Actuator,Polymer,Polymer Actuator Maintenance Kit,Maintenance Kit,Available,52.0,
8be51e4d-1055-40f5-be3a-7a12f9b5ae11,Gear,Rubber,Rubber Gear Maintenance Kit,Maintenance Kit,Available,7.87,
8ce98ae5-2077-49b4-98e0-026c9537eb46,Actuator,Ceramic,Ceramic Actuator Subassembly,Subassembly,Available,79.56,
8cfb7d7e-ddd6-4de8-bef3-a9221166f77c,Bolt,Rubber,Rubber Bolt Maintenance Kit,Maintenance Kit,Available,0.47,
8d14bc83-ff2a-4945-be9b-3f8995fa4237,Gear,Carbon Fiber,Carbon Fiber Gear Replacement Part,Replacement Part,Available,8.01,
8eed3503-9eba-49e3-81e0-81088b6ce0cf,End Cap,Ceramic,Ceramic End Cap,,Available,38.57,
8f1e5d79-5980-4c14-ab00-1175a0f35d1d,Gear,Composite,Composite Gear Maintenance Kit,Maintenance Kit,Available,12.24,
8f39f0b7-ca08-4a71-a4f5-e1b8453a3817,Sensor,Rubber,Rubber Sensor Maintenance Kit,Maintenance Kit,Available,18.3,
9051a2aa-2058-4cc2-ae8f-7fefdf4962a8,Actuator,Steel,Steel Actuator Entire Assembly,Entire Assembly,Available,131.62,
9071b07d-026d-4214-9092-7b26f3685ac8,End Cap,Polymer,Polymer End Cap Replacement Part,Replacement Part,Available,2.36,
907df839-9e04-40ba-a76c-28e18708c496,Bolt,Steel,Steel Bolt Replacement Part,Replacement Part,Available,2.37,0.0
9131ba11-983b-4b88-8c1e-450a4790f687,Bracket,,Bracket,,Available,22.16,
935e8b96-57f4-4f8c-b08f-0b0abb05d847,Bracket,Rubber,Rubber Bracket Replacement Part,Replacement Part,Available,8.66,
936b45c5-b7e6-471f-b58a-97983e08f763,Bracket,Ceramic,Ceramic Bracket Maintenance Kit,Maintenance Kit,Available,16.39,
9384963e-2f4a-4539-84cd-1bd340e13c91,Nozzle,Titanium,Titanium Nozzle Subassembly,Subassembly,Available,3.34,
94ae51d1-ac61-4f1b-8e2d-e79c7452e18e,Cog,Polymer,Polymer Cog,,Available,33.44,
94b4dc7d-c217-4071-b057-db79d614956b,Widget,,Widget Replacement Part,Replacement Part,Available,29.17,
9512e2f9-2c28-42d0-8c85-0274f1dfae21,Plate,Polymer,Polymer Plate Subassembly,Subassembly,Available,27.63,
95211b23-717d-4894-bfb1-695ac4ddaa7b,Nozzle,Steel,Steel Nozzle,,Available,6.94,
956b475d-fc7a-43c5-aeb7-be858b5b8946,Bracket,,Bracket Subassembly,Subassembly,TEST,2.22,1.0
96776da7-4d12-439e-9000-08b589544a78,Switch,Organic,Organic Switch Subassembly,Subassembly,TEST,43.67,1.0
96889b1c-c5b1-4ed1-bb0e-432fe40219a5,Sensor,Rubber,Rubber Sensor Maintenance Kit,Maintenance Kit,Available,14.72,
98459581-0c27-4ed3-bcd8-24a1fd14ca64,Bolt,Composite,Composite Bolt Replacement Part,Replacement Part,Available,12.57,
98c81ed3-9531-4c25-965c-418f725515da,Bearing,Composite,Composite Bearing Subassembly,Subassembly,Available,24.01,
99c058a1-bad3-49ba-b512-35e267732e1d,Bracket,Carbon Fiber,Carbon Fiber Bracket Entire Assembly,Entire Assembly,Available,43.73,
9a04ab7d-3266-403a-82de-c82bed9148ea,Gear,Rubber,Rubber Gear,,Available,11.04,
9a16b88a-ae52-48ad-975a-760a05b6a155,Cog,,Cog Maintenance Kit,Maintenance Kit,Available,9.34,0.0
9a19e12f-a171-4766-9510-9c2ea62a1b0a,Cog,Composite,Composite Cog,,Available,38.29,
9b4165a4-4ea2-4c0e-b753-692e16aa537f,Bolt,Ceramic,Ceramic Bolt Replacement Part,Replacement Part,Available,11.17,
9cad8900-f890-44e3-9dd9-a30bba036d9f,Bracket,Carbon Fiber,Carbon Fiber Bracket Entire Assembly,Entire Assembly,Available,42.92,
9cb72b59-3742-4402-b17b-7b08078fc28c,Gear,Carbon Fiber,Carbon Fiber Gear Replacement Part,Replacement Part,Available,11.55,
9dfa0b4b-4ea9-45d7-bbe5-f2e84db2648a,Nozzle,Polymer,Polymer Nozzle Entire Assembly,Entire Assembly,Available,25.37,
9e28a552-1c90-44c9-9196-d1be8c6af460,End Cap,Carbon Fiber,Carbon Fiber End Cap Entire Assembly,Entire Assembly,Available,12.8,
9eed50d6-ced3-4415-9b77-8f5bb145d22a,Widget,,Widget Entire Assembly,Entire Assembly,Available,114.47,
9f1a7f1d-0509-4090-b717-e6f2e3c04497,Bolt,Ceramic,Ceramic Bolt,,Available,40.01,
9f73682a-ef74-40b9-8a61-cd16bd8f9e31,Bracket,,Bracket,,Available,23.92,
a01fee1c-5d3f-452d-98f1-d4d41e0d753b,End Cap,,End Cap Subassembly,Subassembly,Available,24.27,
a069a61d-13df-4c83-afc9-bef0da840175,Bolt,Carbon Fiber,Carbon Fiber Bolt,,Available,18.73,
a081bdab-506a-4d54-b3e4-c0fe4c9686d3,Cog,Ceramic,Ceramic Cog Maintenance Kit,Maintenance Kit,Available,7.26,
a0c8f9a7-78df-403d-a604-93c9159be7e2,Bearing,Steel,Steel Bearing Subassembly,Subassembly,Available,5.29,
a0d8af33-259b-423c-80d4-bda1a6d78a63,Gear,Steel,Steel Gear Entire Assembly,Entire Assembly,Available,11.15,
a16d2924-3c7d-48f5-90fc-ae24ca251ae7,Valve,Rubber,Rubber Valve Subassembly,Subassembly,Available,4.18,
a18bcd37-220a-46f3-9260-7663aea8de23,Widget,Titanium,Titanium Widget Subassembly,Subassembly,Available,101.95,
a263384c-462a-413b-91a3-61df21a2f10b,Bracket,Polymer,Polymer Bracket Subassembly,Subassembly,Available,10.85,
a2a619df-bdf9-4dd7-ba8a-815449cfa3cd,Widget,Ceramic,Ceramic Widget Maintenance Kit,Maintenance Kit,Available,46.18,
a33504eb-0e75-4c17-ae01-166a143404a5,Switch,,Switch Replacement Part,Replacement Part,Available,11.36,
a40b0e7a-69df-4df8-bb23-c2d4b6346f54,Bracket,Polymer,Polymer Bracket Entire Assembly,Entire Assembly,Available,12.62,
a4e631af-09de-4e18-b0d6-1a89781e7c20,Sensor,Organic,Organic Sensor Subassembly,Subassembly,Available,43.07,
a59b7098-6e66-40e8-a1f2-84ee870481cb,Cog,Ceramic,Ceramic Cog Maintenance Kit,Maintenance Kit,Available,5.13,
a66d2686-f36f-4f3e-b6a2-563bc2a16b82,Bracket,Ceramic,Ceramic Bracket Replacement Part,Replacement Part,Available,6.91,0.0
a7520601-5484-42ff-8f39-292c83f1cd74,Switch,Ceramic,Ceramic Switch Maintenance Kit,Maintenance Kit,Available,14.14,
a779a62d-507c-4ea5-9a24-2edb1737a966,End Cap,Organic,Organic End Cap Maintenance Kit,Maintenance Kit,Available,10.27,
a77c7949-3169-4875-a857-18ae2f5c9749,Nozzle,Titanium,Titanium Nozzle Entire Assembly,Entire Assembly,Available,63.28,
a91a22df-e97a-4d1b-9ccd-657061e700f7,Actuator,Titanium,Titanium Actuator Entire Assembly,Entire Assembly,Available,208.88,
a977bacd-f993-4448-939a-cc38ebda1dcc,Plate,Rubber,Rubber Plate Maintenance Kit,Maintenance Kit,Available,13.14,
ab300d21-9b09-4fa6-96a0-f1146e35df78,Cog,Organic,Organic Cog Maintenance Kit,Maintenance Kit,Available,11.97,
ab8e58cb-bae0-4ff9-bffa-a3373ef5ec03,Widget,Composite,Composite Widget Replacement Part,Replacement Part,Available,39.91,
abfebea6-7a00-4432-b208-31a519336ab1,Gear,Ceramic,Ceramic Gear,,Available,11.06,
ac0a2755-5ece-48a9-b138-5b3fedb094e7,Plate,Titanium,Titanium Plate Replacement Part,Replacement Part,Available,18.23,
ac30ccae-ce28-48ab-977a-ee0107c66100,Nozzle,Carbon Fiber,Carbon Fiber Nozzle Subassembly,Subassembly,Available,9.54,
ad35fc2a-9b32-4b90-ba9c-2bbb7509de2a,Switch,Titanium,Titanium Switch Replacement Part,Replacement Part,Available,9.84,
adabad21-b147-4b5b-91d1-559c88a1e5b4,Cog,Polymer,Polymer Cog Subassembly,Subassembly,Available,13.08,
af40242a-d6c5-4df3-9b16-0b41a0000235,End Cap,,End Cap,,Available,28.61,
afe9a080-bc97-4ee6-b1ab-f08aa5a2f83f,Widget,Ceramic,Ceramic Widget Maintenance Kit,Maintenance Kit,Available,45.37,
b00e18b6-a343-4fd1-9bdb-a776af76826c,Actuator,Composite,Composite Actuator Replacement Part,Replacement Part,Available,49.78,0.0
b08a7580-d962-4e28-9d99-ffebf617cd97,Sensor,Carbon Fiber,Carbon Fiber Sensor Subassembly,Subassembly,Available,56.03,
b0bc633f-e987-43ff-9b55-59e220e890d3,Widget,Carbon Fiber,Carbon Fiber Widget,,Available,129.63,
b0e2f24f-9062-4503-b28f-bb1bb979e7ac,Gear,Organic,Organic Gear,,Available,64.77,
b14196d7-f467-41df-9b68-239023e77c4e,Actuator,,Actuator Subassembly,Subassembly,Available,77.52,
b154ee24-cae1-475c-8b97-d2e38dbb03e8,End Cap,Polymer,Polymer End Cap,,Available,33.51,
b170674c-661c-4c01-aa94-6320c7935b90,Cog,Rubber,Rubber Cog Subassembly,Subassembly,Available,9.99,
b1769e8c-9dab-4da3-bceb-c1618988bc57,Nozzle,Steel,Steel Nozzle Replacement Part,Replacement Part,Not Available,2.02,0.0
b2112758-2433-4cd2-a988-6440b8f495e3,Bolt,Composite,Composite Bolt Replacement Part,Replacement Part,Available,8.39,
b22fe0c9-16dc-489a-a957-681ebff390f8,Valve,Polymer,Polymer Valve Maintenance Kit,Maintenance Kit,Available,15.87,
b2c5c494-4e07-4586-a9f3-321fdd57f2c0,Switch,Ceramic,Ceramic Switch Subassembly,Subassembly,Available,11.4,
b2c8492f-da44-458f-a6b0-8e5b871f4a95,Valve,,Valve,,Available,15.02,
b33a8724-8d27-48cf-a717-67780be134d8,Nozzle,Carbon Fiber,Carbon Fiber Nozzle,,Available,11.78,
b3de5b95-23f1-45b9-9f21-99fa17f91422,Valve,,Valve,,Available,44.37,
b470f837-9543-497d-893e-7cdc3755739f,Bearing,Polymer,Polymer Bearing Entire Assembly,Entire Assembly,Available,9.22,
b5045727-7a98-4082-9c17-2db0ffcdf954,Switch,,Switch Subassembly,Subassembly,Available,19.99,
b57b57f8-779b-458f-a059-204a6d7ec267,Gear,Organic,Organic Gear Replacement Part,Replacement Part,Available,6.76,
b5cbe778-9d5c-4b45-9e78-b7496cd5e75d,Valve,,Valve Maintenance Kit,Maintenance Kit,Available,18.98,
b5d69c86-3367-42cd-93ac-ca079dfa4fbe,Bearing,Ceramic,Ceramic Bearing Replacement Part,Replacement Part,Available,11.65,
b7fc96b7-0ca8-4f59-8ce3-595df0bde2a5,Actuator,Organic,Organic Actuator Subassembly,Subassembly,Available,110.35,
b82dd69a-c535-4e95-9a41-f1d48653b3b8,Bracket,Rubber,Rubber Bracket Subassembly,Subassembly,Available,9.63,
b85a7c25-3320-40b3-ba64-f0f002d27504,Nozzle,Carbon Fiber,Carbon Fiber Nozzle Maintenance Kit,Maintenance Kit,Available,22.56,
b9064843-faaa-43c8-bfcc-80f1b5e8f3ca,Widget,Polymer,Polymer Widget,,Available,91.5,
bb3a46b3-8e9c-4796-86a9-529118cf7961,Gear,Composite,Composite Gear Maintenance Kit,Maintenance Kit,Available,9.26,
bc399bf3-54cb-4a10-af30-d60586e25e42,Plate,Composite,Composite Plate,,Available,66.59,
bc69f53d-0a44-42cd-97f7-6fdae01c5c5a,Bearing,Steel,Steel Bearing Maintenance Kit,Maintenance Kit,Available,15.58,
bc768c19-4db2-4689-8e3e-cd67e24a8a72,Gear,Polymer,Polymer Gear Replacement Part,Replacement Part,test,12.54,1.0
bc904395-d343-4b0e-b715-03468792a04a,Cog,Titanium,Titanium Cog Replacement Part,Replacement Part,Available,7.63,
bc9e3e2b-ac1b-49be-be61-bb75d86899a0,Actuator,Organic,Organic Actuator,,Available,166.96,
bdde02c6-7da8-4270-b28b-f37231631d23,Sensor,Rubber,Rubber Sensor,,Not Available,32.7,
be0b5455-dadf-4e08-a3b7-ba6e167e59c7,Valve,Ceramic,Ceramic Valve Entire Assembly,Entire Assembly,Available,17.58,
be409986-65fa-4f40-ba83-e784a5c85394,Sensor,Carbon Fiber,Carbon Fiber Sensor Subassembly,Subassembly,Available,40.76,
be440830-b890-4ece-9fd6-077b2639706b,Gear,Rubber,Rubber Gear Replacement Part,Replacement Part,Available,9.44,
be6e8d95-458f-4c57-8ad3-0926d3f9937f,Plate,Carbon Fiber,Carbon Fiber Plate Entire Assembly,Entire Assembly,Available,82.59,
beaa4a47-e0a0-4e48-bd6b-49ea032579d7,Bolt,Ceramic,Ceramic Bolt Replacement Part,Replacement Part,Available,3.97,
c01dafbe-5dfa-45eb-a9c8-914a3e856b3e,Bearing,Organic,Organic Bearing,,Available,14.98,
c01fd1ac-563b-4c40-bfce-57e58c5b61f7,Nozzle,Carbon Fiber,Carbon Fiber Nozzle Subassembly,Subassembly,Available,12.46,
c0653121-67c5-49ad-a164-2e85b6af55c9,End Cap,Ceramic,Ceramic End Cap Maintenance Kit,Maintenance Kit,Available,18.1,
c06a1ff9-33cc-4eba-a941-fee0e4d44940,Bearing,Steel,Steel Bearing Replacement Part,Replacement Part,Available,7.39,
c11362be-d896-4748-9ed3-369efcb49c85,Cog,Composite,Composite Cog Replacement Part,Replacement Part,Not Available,2.03,
c1170c94-7c19-44d4-ac83-ac7126e6e41d,Actuator,Carbon Fiber,Carbon Fiber Actuator Subassembly,Subassembly,Available,118.79,
c133aed8-c1aa-4b09-b675-148c811719fc,Sensor,Polymer,Polymer Sensor Maintenance Kit,Maintenance Kit,Available,25.58,
c18904e9-3e72-4ecf-a874-416067f8fb1e,Gear,Rubber,Rubber Gear,,Not Available,26.88,
c19b44f3-383e-40a8-b56b-90b7cdea916d,Bearing,,Bearing Maintenance Kit,Maintenance Kit,Available,8.75,
c1aa1c1b-1055-4bb1-b7fb-f3876b22c5a4,Bolt,Organic,Organic Bolt Replacement Part,Replacement Part,Available,6.37,
c2b2b742-02e0-4d42-8ca7-e82dd89d4b0d,Bracket,Carbon Fiber,Carbon Fiber Bracket,,Available,45.95,
c34b9d20-d7c1-4b03-aa95-70c4d3865fb8,Sensor,Organic,Organic Sensor,,Available,50.93,
c3896c67-68fe-4d2d-ab0d-7476caf6fe47,Valve,Organic,Organic Valve Subassembly,Subassembly,Available,8.94,
c396dda8-b283-4cc0-8623-ab6a3e182a54,Actuator,Rubber,Rubber Actuator Maintenance Kit,Maintenance Kit,Available,40.37,
c3ebfd50-b6c9-4b51-a459-6e72b0e12b86,Valve,Rubber,Rubber Valve Replacement Part,Replacement Part,Available,3.49,
c42711e2-1dbd-47ec-b1ed-0740309be648,Actuator,Carbon Fiber,Carbon Fiber Actuator Maintenance Kit,Maintenance Kit,Available,65.17,
c561075e-dbbb-4ba5-a68f-f32d25272923,End Cap,Steel,Steel End Cap,,Available,42.91,
c580b130-43f8-4c31-beef-9f0aa25734db,Switch,,Switch Replacement Part,Replacement Part,Available,11.93,
c5dc1c4f-aea0-4441-a40a-5fc3bb5a8f08,Switch,Carbon Fiber,Carbon Fiber Switch Replacement Part,Replacement Part,Available,14.34,
c62421b0-9312-43d6-b344-842b80ca064a,Plate,Composite,Composite Plate,,Available,69.94,
c6635c7b-be2d-48e7-a966-32415ae440a4,End Cap,Titanium,Titanium End Cap Maintenance Kit,Maintenance Kit,Available,2.37,
c6a1e768-3842-4f04-82a7-d6a0815483b7,Bolt,Steel,Steel Bolt Replacement Part,Replacement Part,Available,11.58,
c6a41851-ef23-4de7-9c3c-c67cd5387977,Bracket,Ceramic,Ceramic Bracket Entire Assembly,Entire Assembly,Available,13.68,
c79eb225-7fde-48ab-832c-20c8b65f0274,Connector,Carbon Fiber,Carbon Fiber Connector Entire Assembly,Entire Assembly,Available,32.76,
c891b47e-ee14-4138-ab13-065d0a0474d8,Switch,Rubber,Rubber Switch Replacement Part,Replacement Part,Available,12.3,
c89d5a8d-d40f-40e8-8219-9cf7eded0468,Valve,Composite,Composite Valve Replacement Part,Replacement Part,Available,2.35,
c901c585-6f10-4a74-9204-2c48e9c49795,Switch,Rubber,Rubber Switch Subassembly,Subassembly,Available,24.27,
c90d729a-3a69-42ec-8fc5-3065cbb317c1,Actuator,Composite,Composite Actuator Subassembly,Subassembly,Available,89.03,
c9f1c146-6d40-4d27-b9ec-61b7e1094b55,Switch,,Switch Subassembly,Subassembly,Available,27.12,0.0
ca753c27-9c16-401d-b19c-1da513b36989,Cog,Ceramic,Ceramic Cog Maintenance Kit,Maintenance Kit,Available,17.74,
cbf53940-8630-4545-b110-90bc169434f3,Gear,Polymer,Polymer Gear Maintenance Kit,Maintenance Kit,Available,12.32,
ce912e32-1750-4ffa-a4b3-054759f30e09,Widget,Carbon Fiber,Carbon Fiber Widget,,Available,159.9,
cea17bb4-713e-4ffa-812f-f4c6cc7aa4c6,Cog,Rubber,Rubber Cog Maintenance Kit,Maintenance Kit,Available,2.5,
cf44ab83-44b4-41ba-bbdd-469d45c309d7,Connector,Organic,Organic Connector Replacement Part,Replacement Part,Available,5.63,
cf450885-a020-41e8-9c84-aaded104c958,Valve,Steel,Steel Valve Entire Assembly,Entire Assembly,Available,43.59,
cfc6d828-6373-4759-860b-754ac3408eb9,Nozzle,Steel,Steel Nozzle Entire Assembly,Entire Assembly,Available,4.74,
cff16058-12ee-4eb6-a885-29b309b58acf,Plate,Polymer,Polymer Plate Maintenance Kit,Maintenance Kit,Available,11.23,
d07b1034-b670-4e76-b9ba-2ef2eaa1e750,Connector,Carbon Fiber,Carbon Fiber Connector Entire Assembly,Entire Assembly,Not Available,60.17,
d1d1b87a-f7ce-47c1-90df-0852087a3f22,Valve,Titanium,Titanium Valve Maintenance Kit,Maintenance Kit,Available,31.7,
d2c34193-f4b4-45d3-8d0b-ec7cd93704f6,Actuator,Titanium,Titanium Actuator Entire Assembly,Entire Assembly,Available,258.71,
d42d090b-92bd-42b3-a497-8f36e6067cd3,Bearing,Composite,Composite Bearing Replacement Part,Replacement Part,Available,9.54,
d4abc07f-b413-403e-9b05-9eb25939814a,Switch,Carbon Fiber,Carbon Fiber Switch Maintenance Kit,Maintenance Kit,Not Available,15.11,
d6c86ba3-c556-49a3-aa0b-06364dc17655,Valve,Ceramic,Ceramic Valve Entire Assembly,Entire Assembly,Available,23.2,
d6ca0de4-cc67-48d3-9d59-1d2d2e13220b,Gear,Organic,Organic Gear Maintenance Kit,Maintenance Kit,Available,17.77,
d9458724-fbf8-4642-b340-56792bf8cf01,End Cap,Rubber,Rubber End Cap Entire Assembly,Entire Assembly,Available,7.6,
da397a7e-030f-4959-a14e-f9c1d5e11b26,End Cap,Carbon Fiber,Carbon Fiber End Cap Maintenance Kit,Maintenance Kit,Available,21.15,
db8034bf-d1b7-469a-b5ec-39525bdea483,Bracket,Steel,Steel Bracket Maintenance Kit,Maintenance Kit,Available,13.84,
de3226e7-1dff-4b13-9f7f-e4eb1757c9f1,Bracket,Steel,Steel Bracket Subassembly,Subassembly,Available,7.15,
df78201f-1a81-4c43-b3cd-d5f696413fcd,Widget,,Widget Replacement Part,Replacement Part,Available,28.29,
e1e6d7f8-c934-40fe-bce8-ea3095264bd3,Valve,Ceramic,Ceramic Valve Maintenance Kit,Maintenance Kit,Available,13.06,
e229b98e-5906-4fcc-87e7-35c3bbe53a11,Valve,Titanium,Titanium Valve Subassembly,Subassembly,Available,13.3,
e22b2bfd-92af-4c9c-8f44-154318a2506f,Sensor,Carbon Fiber,Carbon Fiber Sensor,,Available,69.29,
e2b1a064-163a-4a32-99fc-60e67c03ae40,Sensor,Polymer,Polymer Sensor Entire Assembly,Entire Assembly,Available,51.4,
e35f6942-57a8-4c72-ac7f-3ff1c8f81d08,Plate,Steel,Steel Plate Subassembly,Subassembly,Available,20.48,
e384ec4d-6413-4b55-8144-9b6f1df11690,Plate,Carbon Fiber,Carbon Fiber Plate,,Available,34.2,
e3d64a6c-2ca8-49dd-8511-95915262e323,Actuator,Organic,Organic Actuator,,Available,185.07,
e3e94a99-0e94-4429-a85e-28f90859a571,Switch,,Switch Subassembly,Subassembly,Available,20.14,
e4b523e0-d9e2-4abf-a8ae-4e8c4776a2cc,Cog,Organic,Organic Cog Entire Assembly,Entire Assembly,Available,57.39,
e4b7409f-b55c-4053-ac57-4a31bb2b1d6e,Sensor,Organic,Organic Sensor Entire Assembly,Entire Assembly,Available,87.39,
e4f5f8f2-fa7a-4ca4-a228-017d4f029c8c,Valve,Titanium,Titanium Valve Subassembly,Subassembly,Available,36.58,
e55aa49d-fa21-483e-bb4d-ef3782082cd3,Widget,Polymer,Polymer Widget,,Available,102.0,
e6152111-1fd1-43c7-99e4-d42b5c43b9b9,Sensor,Titanium,Titanium Sensor Replacement Part,Replacement Part,Not Available,15.82,
e62f31ec-822b-4044-9671-ab0023f857a7,Switch,,Switch Entire Assembly,Entire Assembly,Available,23.65,
e6610f47-573d-49a8-a0a8-98b245325160,Cog,Steel,Steel Cog,,Available,10.62,
e6a92a83-6ee4-422a-a968-5bd760c0b264,Bolt,Ceramic,Ceramic Bolt,,Available,26.41,
e6bd03bd-df0f-4bc2-831e-bc9103bbc3bc,Plate,Rubber,Rubber Plate Subassembly,Subassembly,Available,12.27,
e7f6afe0-b364-4fb7-b58d-346945da1e70,Plate,Titanium,Titanium Plate,,Available,106.29,
e90ede6e-f9fe-420a-a1b9-70c111e6cd86,Actuator,Steel,Steel Actuator Maintenance Kit,Maintenance Kit,Available,50.16,
eabc5d7e-2602-434d-8e4e-dece931069d4,Sensor,Organic,Organic Sensor Entire Assembly,Entire Assembly,Available,92.62,
eac86d74-5ba5-4077-9bf4-5b69a1ffeed2,Sensor,,Sensor Replacement Part,Replacement Part,Available,12.74,
ebbb3274-e35b-40c5-ac77-32b04e393575,Actuator,Titanium,Titanium Actuator Maintenance Kit,Maintenance Kit,Not Available,83.16,
ec1c71d4-6b99-46ca-b1fb-82d038d0d6e0,Nozzle,Titanium,Titanium Nozzle Maintenance Kit,Maintenance Kit,Available,24.95,
ec1fc7f3-c991-4654-b1db-c1c461c62e9b,Plate,Rubber,Rubber Plate Maintenance Kit,Maintenance Kit,Available,18.65,
ecb1c3ae-7725-4a90-8273-5d60a50ceacc,End Cap,Ceramic,Ceramic End Cap,,Available,4.87,
ed1cfc47-8b0f-4b65-9205-d850c89e26fd,Plate,Rubber,Rubber Plate,,Available,36.87,
ee6f3ac9-f876-4c68-9455-cb1dfaa1b341,Widget,Ceramic,Ceramic Widget,,Available,107.99,
ee803bdd-4bdc-43b0-801d-f1d00cb1233c,Plate,Steel,Steel Plate Maintenance Kit,Maintenance Kit,Available,28.54,
ef262300-061b-408c-abdf-63c08dac7e36,Widget,Carbon Fiber,Carbon Fiber Widget,,Available,148.72,
ef683b4e-a5ff-471b-ab0a-830e74528539,Nozzle,Steel,Steel Nozzle Entire Assembly,Entire Assembly,Available,47.37,
f0a15d95-1e12-43f1-9c9f-519053689010,Switch,Titanium,Titanium Switch Subassembly,Subassembly,Available,47.47,
f0b440cf-9c62-4f1a-9660-aa68b8dc1dde,Plate,,Plate Replacement Part,Replacement Part,TEST,17.55,1.0
f0ca54a6-7fff-451a-9cc4-2e2e147564e7,Bracket,Steel,Steel Bracket Replacement Part,Replacement Part,Available,11.67,
f1ce0d6e-485b-4e2c-aaf7-093099cf114a,End Cap,Polymer,Polymer End Cap Subassembly,Subassembly,Available,17.76,
f20d697b-3744-473f-804a-991576e1ab05,Valve,Steel,Steel Valve Entire Assembly,Entire Assembly,Available,25.47,
f2a9d0b8-6544-423d-8113-08fa8b536bd4,End Cap,Steel,Steel End Cap Subassembly,Subassembly,Available,3.2,0.0
f30dc4de-4b04-4b53-a33e-45c155dbe32d,Plate,Titanium,Titanium Plate Maintenance Kit,Maintenance Kit,Available,27.84,
f3ca0e31-38eb-45a0-a87a-a82af38f3c60,End Cap,Ceramic,Ceramic End Cap Replacement Part,Replacement Part,Available,6.36,
f3d9d10e-271b-48ad-ab67-098a743b4fb1,Sensor,Polymer,Polymer Sensor,,Available,27.39,
f41f5352-5662-417e-8ea9-dfaf7e1d8522,Widget,Titanium,Titanium Widget,,Available,166.42,
f50cbe99-1b2e-467b-ab65-20158aae22ed,Sensor,Carbon Fiber,Carbon Fiber Sensor,,Available,37.4,
f5864c5a-ac09-41da-a612-9a86207af46b,Cog,Carbon Fiber,Carbon Fiber Cog Replacement Part,Replacement Part,Available,19.39,
f5a8d0b8-02ff-4467-836c-3b1e30f25bc4,Bolt,Rubber,Rubber Bolt Subassembly,Subassembly,Available,7.01,
f62a1a9b-777d-438d-9ba2-50e88fd3575a,Sensor,Composite,Composite Sensor Replacement Part,Replacement Part,Available,11.72,
f757a936-c7b6-438e-9fe6-ea61601fd750,Plate,Ceramic,Ceramic Plate Entire Assembly,Entire Assembly,Available,29.0,
f80b3433-5301-4bb1-bc72-ca279c618e6f,Plate,,Plate Replacement Part,Replacement Part,TEST,17.95,1.0
fa7b313a-0a45-40c7-9ec0-0f50ee541a90,Valve,Organic,Organic Valve Maintenance Kit,Maintenance Kit,Available,24.62,
facdb622-a69a-4ecd-9870-8c4707c7e062,Switch,Carbon Fiber,Carbon Fiber Switch Subassembly,Subassembly,Available,30.23,
fb34bd1f-ab17-4a5b-a898-cc8784335608,Bearing,Composite,Composite Bearing Maintenance Kit,Maintenance Kit,Available,1.94,
fc5454d7-fc38-4d1a-a17d-0850ca68bbb7,Plate,Titanium,Titanium Plate,,Available,60.52,
fdf0fca0-808b-4bec-93fd-7dfc4cfc25aa,Plate,Carbon Fiber,Carbon Fiber Plate,,Available,80.77,
fdf58c10-36df-44d0-97a4-3282f07f2837,Widget,Composite,Composite Widget Maintenance Kit,Maintenance Kit,Available,45.4,
ff606d84-ac07-493f-a9db-3c7662c27928,Sensor,Composite,Composite Sensor Entire Assembly,Entire Assembly,Available,55.62,
